,Date,Open,High,Low,Close,Volume,SMA100,Stoch RSI,ADX
1876,20171205,8.0,8.0,7.8,7.8,273700,0.9922,72.2951,26.8315
1877,20171206,7.8,7.96,7.7,7.75,156080,0.9868,66.7839,25.6612
1878,20171207,7.75,7.76,7.6,7.6,254410,0.9688,58.1398,24.1477
1879,20171208,7.4,7.5,7.39,7.39,311650,0.9433,44.0244,22.9169
1880,20171211,7.01,7.29,7.01,7.01,205160,0.8964,27.2496,22.939
1881,20171212,7.1,7.4,6.95,7.2,127770,0.922,20.1067,22.5036
1882,20171213,7.2,7.7,7.13,7.5,319380,0.9613,18.5967,20.9974
1883,20171214,7.32,7.49,7.32,7.45,105110,0.9558,19.7332,19.5988
1884,20171215,7.45,7.77,7.4,7.59,150230,0.9746,28.5259,19.0036
1885,20171218,7.68,8.12,7.68,8.12,657310,1.043,46.1375,19.3641
1886,20171219,8.12,8.51,8.12,8.49,795360,1.0903,62.8719,20.4985
1887,20171220,8.66,9.08,8.56,9.08,1614120,1.1653,75.1253,22.4229
1888,20171221,9.0,9.6,8.9,9.16,587440,1.1745,88.0903,24.796
1889,20171222,9.15,9.27,8.7,8.91,368500,1.1419,94.2142,26.3243
1890,20171225,8.91,9.5,8.75,9.45,887910,1.2098,96.1203,28.0123
1891,20171226,9.5,10.1,9.5,10.1,1250500,1.2906,96.1203,30.1669
1892,20171227,10.7,10.8,10.25,10.65,1507230,1.3573,96.1203,32.6787
1893,20171228,10.5,11.0,10.1,10.6,932270,1.3468,95.62,35.1349
1894,20171229,10.7,11.05,10.3,10.3,748910,1.3054,95.1037,37.4469
1895,20180102,10.4,10.8,9.85,9.96,772300,1.2594,86.8569,38.229
1896,20180103,10.1,10.45,9.99,10.35,703430,1.3049,80.1832,38.9552
1897,20180104,10.7,11.05,10.7,11.05,1844350,1.3879,76.1398,40.1822
1898,20180105,11.0,11.1,10.6,10.8,740320,1.3518,65.9241,41.0293
1899,20180108,10.75,11.05,10.5,10.8,821590,1.3471,55.2164,41.5178
1900,20180109,11.25,11.25,10.6,10.8,1138900,1.3423,49.2814,42.1793
1901,20180110,11.2,11.55,11.0,11.5,2119520,1.423,48.5372,43.0843
1902,20180111,11.4,11.55,11.0,11.3,377170,1.3924,39.7214,43.9247
1903,20180112,11.45,11.55,10.8,11.0,1140830,1.3503,30.4374,44.0402
1904,20180115,11.0,11.0,10.5,10.7,593910,1.3089,25.0588,43.2274
1905,20180116,10.5,10.7,10.4,10.45,661390,1.2744,19.7229,42.1809
1906,20180117,10.3,10.45,9.72,9.72,1116970,1.1828,7.1408,39.5193
1907,20180118,9.3,9.9,9.3,9.9,526590,1.2017,1.5724,37.1624
1908,20180119,10.0,10.0,9.6,9.6,404040,1.1628,1.5724,34.7669
1909,20180122,9.5,10.25,9.4,10.2,910960,1.2319,6.3901,32.5296
1910,20180125,9.49,10.2,9.49,9.49,2210510,1.1439,6.3901,30.4521
1911,20180126,9.4,9.4,8.83,8.83,939040,1.0631,6.3901,29.3078
1912,20180129,8.31,8.83,8.31,8.33,464670,1.0023,4.8177,29.0268
1913,20180130,8.03,8.3,8.02,8.3,456020,0.9982,4.8177,29.1461
1914,20180131,8.5,8.88,8.3,8.88,409670,1.0667,3.5685,28.0137
1915,20180201,9.1,9.1,8.5,8.5,237320,1.0203,5.728,26.5447
1916,20180202,8.53,8.76,8.5,8.5,211940,1.0195,8.2648,25.1806
1917,20180205,8.5,8.5,7.91,7.91,223720,0.9487,8.2648,24.8281
1918,20180206,7.36,7.36,7.36,7.36,447020,0.8833,8.2648,25.1951
1919,20180207,7.85,7.85,7.4,7.55,263250,0.907,6.9827,24.5639
1920,20180208,7.55,7.6,7.35,7.35,141620,0.8846,5.8357,24.0458
1921,20180209,6.9,7.0,6.84,6.86,593030,0.8276,3.2989,24.2207
1922,20180212,7.33,7.34,6.86,7.34,143190,0.887,8.6526,23.7158
1923,20180213,7.79,7.8,7.6,7.78,140010,0.9412,22.9696,22.434
1924,20180221,7.89,7.9,7.7,7.74,106750,0.9375,37.4481,21.0757
1925,20180222,7.69,7.69,7.41,7.43,145170,0.9013,49.3354,20.2625
1926,20180223,7.82,7.82,7.45,7.69,157380,0.9341,67.1067,19.2692
1927,20180226,7.9,8.1,7.4,7.8,435610,0.9485,81.5741,17.9392
1928,20180227,7.8,7.88,7.65,7.79,97340,0.9484,87.1052,16.7042
1929,20180228,7.85,8.33,7.85,8.33,704760,1.0145,90.3402,16.3334
1930,20180301,8.43,8.8,8.33,8.33,449820,1.0147,97.4404,16.6813
1931,20180302,8.2,8.63,8.2,8.55,191200,1.0412,99.6691,16.7308
1932,20180305,8.75,8.75,8.3,8.3,321830,1.0107,96.9882,16.9565
1933,20180306,8.1,8.3,8.1,8.2,214920,0.9983,93.1539,16.7223
1934,20180307,8.1,8.2,7.65,7.8,288550,0.9498,84.9138,15.599
1935,20180308,7.9,8.05,7.83,7.9,110900,0.9619,75.258,14.5559
1936,20180309,7.45,7.9,7.45,7.65,151080,0.9316,59.7731,14.1556
1937,20180312,7.62,7.95,7.6,7.62,98290,0.9282,46.6414,13.6767
1938,20180313,7.6,7.75,7.45,7.5,291580,0.914,32.5478,13.5135
1939,20180314,7.41,7.5,7.35,7.45,204330,0.9084,20.7879,13.5497
1940,20180315,7.36,7.78,7.36,7.62,148950,0.9293,15.3315,12.9147
1941,20180316,7.62,7.7,7.45,7.62,158800,0.9295,15.7042,12.325
1942,20180319,7.76,7.77,7.62,7.76,140030,0.9465,20.7853,11.6037
1943,20180320,7.76,7.76,7.51,7.6,79050,0.9272,24.0632,11.1983
1944,20180321,7.76,8.0,7.6,7.6,198670,0.9274,29.2613,10.5931
1945,20180322,7.7,8.0,7.7,7.71,278760,0.9402,36.1622,10.0311
1946,20180323,7.71,7.71,7.45,7.67,199880,0.9347,43.0559,9.779
1947,20180326,7.67,7.8,7.3,7.3,278190,0.8893,33.9664,9.9112
1948,20180327,7.56,7.56,7.2,7.22,266270,0.879,28.7683,10.2731
1949,20180328,7.45,7.45,7.2,7.25,62490,0.8824,25.4668,10.6092
1950,20180329,7.35,7.4,7.21,7.21,144990,0.877,13.9608,10.9213
1951,20180330,7.21,7.21,7.17,7.2,156120,0.8751,2.1793,11.3239
1952,20180402,7.4,7.4,7.1,7.15,149690,0.8686,2.1793,10.9752
1953,20180403,7.15,7.65,6.95,7.65,760200,0.9277,22.1793,10.5637
1954,20180404,8.1,8.15,7.65,7.65,361260,0.9263,40.2826,11.4737
1955,20180405,7.5,7.7,7.44,7.68,81920,0.9287,60.0,11.6188
1956,20180406,7.5,7.68,7.32,7.32,176630,0.8848,68.8109,11.3756
1957,20180409,7.32,7.32,7.1,7.11,287420,0.8595,72.2538,10.6279
1958,20180410,7.1,7.2,7.07,7.12,163770,0.8607,56.0924,10.0201
1959,20180411,7.12,7.37,7.05,7.1,184600,0.8583,39.396,9.6595
1960,20180412,7.24,7.3,7.03,7.2,106620,0.8703,27.0205,9.2593
1961,20180413,7.3,7.3,7.05,7.1,33270,0.8582,22.8457,8.8876
1962,20180416,7.1,7.2,7.09,7.19,57730,0.8688,28.0472,8.5425
1963,20180417,7.2,7.2,7.13,7.13,58660,0.8614,30.9048,8.222
1964,20180418,7.1,7.18,7.09,7.1,56740,0.8577,33.301,7.7541
1965,20180419,7.1,7.3,7.01,7.1,130090,0.8576,31.3763,7.8038
1966,20180420,7.1,7.1,6.97,7.05,104540,0.8515,27.4182,7.6629
1967,20180423,6.84,7.1,6.8,6.84,124600,0.8264,18.7738,7.4515
1968,20180424,7.0,7.0,6.75,6.8,66450,0.8222,12.0776,7.4632
1969,20180426,7.0,7.0,6.65,6.65,246310,0.8053,6.3778,7.8817
1970,20180427,6.65,6.65,6.21,6.43,156880,0.7802,0.678,9.672
1971,20180502,6.13,6.23,6.1,6.13,176520,0.7454,0.0,11.6096
1972,20180503,6.03,6.3,6.02,6.19,82620,0.7542,2.539,13.6032
1973,20180504,6.19,6.3,6.11,6.12,65330,0.7473,4.1197,15.4544
1974,20180507,6.3,6.39,6.12,6.35,84640,0.7769,14.9884,16.6433
1975,20180508,6.35,6.4,6.26,6.35,44280,0.7786,25.8571,17.6876
1976,20180509,6.4,6.4,6.2,6.35,40060,0.7799,37.5253,18.85
1977,20180510,6.4,6.58,6.35,6.35,107840,0.7813,47.1106,18.8523
1978,20180511,6.26,6.45,6.2,6.3,59740,0.7764,56.3935,19.386
1979,20180514,6.39,6.39,6.25,6.37,2200,0.786,61.2448,19.8816
1980,20180515,6.43,6.6,6.26,6.49,136140,0.8013,70.3761,19.1718
1981,20180516,6.6,6.94,6.5,6.8,318010,0.84,78.7079,18.5401
1982,20180517,6.9,6.93,6.68,6.8,135900,0.8407,86.5835,17.9535
1983,20180518,6.9,6.9,6.7,6.79,92720,0.8402,95.4753,17.4088
1984,20180521,6.78,6.79,6.45,6.52,28380,0.8078,93.6551,16.5688
1985,20180522,6.7,6.7,6.07,6.07,326310,0.754,80.1683,17.0803
1986,20180523,6.15,6.15,6.05,6.07,170470,0.7563,66.6814,17.6138
1987,20180524,6.07,6.2,6.04,6.1,84630,0.7628,48.8053,17.859
1988,20180525,6.1,6.1,5.9,5.9,122810,0.7409,29.0501,18.5275
1989,20180528,5.9,6.0,5.49,5.49,177420,0.6923,15.1502,20.1762
1990,20180529,5.6,5.6,5.3,5.59,89670,0.7084,11.3488,22.0818
1991,20180530,5.26,5.68,5.26,5.5,142840,0.7011,6.6262,23.4408
1992,20180531,5.5,5.6,5.5,5.55,103530,0.7121,7.704,24.7027
1993,20180601,5.54,5.55,5.5,5.5,145070,0.7103,10.3308,25.8744
1994,20180604,5.49,5.6,5.49,5.52,43270,0.7173,13.576,26.6637
1995,20180605,5.83,5.83,5.6,5.75,54180,0.7513,20.6994,26.1443
1996,20180606,5.99,5.99,5.7,5.7,47990,0.7493,28.0704,24.9155
1997,20180607,5.7,5.79,5.7,5.73,276130,0.7586,39.6048,23.7745
1998,20180608,5.72,5.79,5.71,5.79,235210,0.7717,56.9781,22.715
1999,20180611,5.75,5.8,5.72,5.72,44140,0.7675,71.4355,21.6784
2000,20180612,5.7,5.7,5.55,5.7,38710,0.7701,78.6385,21.4404
2001,20180613,5.75,5.75,5.55,5.55,43500,0.7559,81.7601,20.9335
2002,20180614,5.62,5.62,5.55,5.56,91390,0.7633,79.8963,20.4629
2003,20180615,5.69,5.69,5.56,5.57,150700,0.7704,72.2059,19.6007
2004,20180618,5.69,5.69,5.4,5.5,135860,0.7662,63.9935,19.5433
2005,20180619,5.49,5.5,5.13,5.13,60000,0.72,46.9555,20.4824
2006,20180620,5.25,5.25,5.14,5.14,41520,0.7261,35.3557,21.3544
2007,20180621,5.17,5.2,5.14,5.2,59830,0.7394,27.3642,22.1641
2008,20180622,5.15,5.21,5.14,5.15,18720,0.737,18.5247,22.8416
2009,20180625,5.2,5.22,5.16,5.2,67890,0.7495,16.1553,23.3918
2010,20180626,5.19,5.19,5.0,5.18,32410,0.7513,22.6207,24.529
2011,20180627,5.18,5.21,5.15,5.18,137670,0.7553,28.4026,25.4187
2012,20180628,5.2,5.2,5.11,5.19,14430,0.7602,31.8777,26.4012
2013,20180629,5.11,5.17,5.1,5.12,40370,0.7535,33.9478,27.3538
2014,20180702,5.12,5.12,5.01,5.01,75040,0.7415,28.1556,28.5931
2015,20180703,5.0,5.36,4.85,4.85,127840,0.7217,21.6903,27.7658
2016,20180704,4.57,4.85,4.57,4.82,26410,0.7212,15.2249,28.1466
2017,20180705,4.83,4.84,4.7,4.8,57160,0.7216,6.8689,28.5002
2018,20180706,4.7,4.9,4.6,4.9,41370,0.7394,16.6867,29.1838
2019,20180709,4.9,4.95,4.8,4.85,25020,0.7348,27.8543,29.439
2020,20180710,4.85,4.95,4.85,4.9,80930,0.7452,47.8257,29.676
2021,20180711,4.89,4.9,4.8,4.8,41610,0.7322,61.6398,30.1013
2022,20180712,4.8,4.9,4.8,4.89,9380,0.7488,81.6398,30.4962
2023,20180713,4.89,5.0,4.89,4.93,37710,0.7582,86.2818,29.9894
2024,20180716,5.0,5.0,4.83,4.9,16450,0.7569,92.3287,29.82
2025,20180717,4.9,5.0,4.9,4.99,29390,0.7737,92.3573,29.6627
2026,20180718,5.03,5.03,4.91,5.0,76820,0.7785,98.5432,29.2347
2027,20180719,5.0,5.01,4.95,4.95,17000,0.7742,96.348,28.8372
2028,20180720,4.95,5.0,4.85,4.95,116690,0.7776,94.1527,29.0505
2029,20180723,4.95,5.0,4.9,4.92,66580,0.7771,92.0204,29.2486
2030,20180724,4.95,4.95,4.8,4.83,55070,0.7671,84.5409,29.9693
2031,20180725,4.75,4.9,4.75,4.85,144570,0.7748,76.2398,30.8813
2032,20180726,4.85,4.85,4.75,4.76,54120,0.7648,64.9386,31.7281
2033,20180727,4.76,4.76,4.48,4.51,197900,0.7289,47.1338,33.5769
2034,20180730,4.52,4.82,4.5,4.82,341010,0.7828,50.723,34.6348
2035,20180731,5.0,5.15,4.8,5.0,136550,0.8159,58.2025,32.8888
2036,20180801,4.95,5.1,4.95,5.0,58520,0.8194,66.5036,31.2675
2037,20180802,4.95,5.0,4.85,4.93,74750,0.8115,77.8295,30.2942
2038,20180803,5.0,5.27,5.0,5.27,313780,0.8707,97.8295,28.5033
2039,20180806,5.48,5.63,5.44,5.63,428500,0.933,97.8295,28.3173
2040,20180807,5.7,5.9,5.6,5.8,187040,0.964,97.8295,28.9376
2041,20180808,5.65,6.2,5.6,6.13,307370,1.0214,97.8295,30.1976
2042,20180809,6.12,6.13,5.81,6.0,265520,1.0027,98.0717,31.3676
2043,20180810,6.0,6.24,5.91,6.19,271490,1.0369,97.2143,32.6857
2044,20180813,6.2,6.24,6.03,6.15,192020,1.0327,95.7638,33.9097
2045,20180814,6.15,6.15,5.91,5.93,200210,0.9988,91.249,34.2828
2046,20180815,5.93,6.0,5.52,5.68,235300,0.9599,83.7887,32.6436
2047,20180816,5.6,5.67,5.34,5.67,98070,0.9608,73.9253,30.4031
2048,20180817,5.7,5.74,5.42,5.5,67200,0.9347,57.6312,28.5797
2049,20180820,5.74,5.75,5.45,5.75,109890,0.9797,46.0146,26.9244
2050,20180821,5.8,6.15,5.8,6.1,417470,1.0413,42.0694,26.6962
2051,20180822,6.1,6.15,6.0,6.0,156420,1.0264,37.3207,26.4843
2052,20180823,6.1,6.1,6.0,6.1,83320,1.0453,38.388,26.2875
2053,20180824,6.12,6.12,6.0,6.1,62390,1.0481,44.815,26.1699
2054,20180827,6.2,6.2,6.03,6.1,137140,1.0509,47.1576,26.3243
2055,20180828,6.1,6.1,5.92,6.0,57400,1.0367,42.7417,25.8479
2056,20180829,5.93,5.95,5.7,5.7,73990,0.9876,34.9507,24.3192
2057,20180830,5.62,5.99,5.62,5.9,46110,1.0244,30.1406,22.6182
2058,20180831,6.0,6.0,5.8,5.9,56840,1.0266,27.9154,21.012
2059,20180904,5.82,6.09,5.8,5.98,109300,1.0426,28.7785,19.9337
2060,20180905,5.96,5.99,5.7,5.88,125170,1.0275,27.0854,18.5776
2061,20180906,5.75,5.89,5.7,5.84,15930,1.0227,30.6429,17.3184
2062,20180907,5.84,5.85,5.65,5.79,72890,1.0165,27.3446,16.4054
2063,20180910,5.8,5.8,5.7,5.7,156270,1.0032,20.2943,15.5576
2064,20180911,5.7,5.8,5.67,5.79,39040,1.0214,14.2085,14.938
2065,20180912,5.85,6.17,5.75,6.1,377530,1.078,24.5906,15.2586
2066,20180913,6.1,6.21,6.1,6.17,399530,1.0921,39.1206,15.7166
2067,20180914,6.0,6.19,5.95,6.05,81260,1.0723,50.1147,15.263
2068,20180917,6.0,6.2,5.92,6.1,249080,1.0825,65.5647,14.6753
2069,20180918,6.1,6.12,5.91,6.1,93210,1.0836,76.9619,14.0715
2070,20180919,6.15,6.52,6.15,6.52,638930,1.158,81.1488,15.162
2071,20180920,6.97,6.97,6.62,6.9,932030,1.2238,83.0613,17.3353
2072,20180921,6.9,6.91,6.58,6.8,203990,1.2048,88.0587,19.1293
2073,20180924,6.79,6.8,6.55,6.8,162400,1.2033,89.7674,20.6212
2074,20180925,7.15,7.27,6.9,7.15,432960,1.2635,94.3174,22.9659
2075,20180926,7.15,7.19,7.0,7.0,283120,1.2355,90.327,25.1431
2076,20180927,7.0,7.13,6.85,7.08,351930,1.2481,87.2298,26.326
2077,20180928,7.04,7.2,6.97,7.0,248420,1.2325,84.1839,27.5786
2078,20181001,6.93,7.16,6.91,6.91,168260,1.2154,75.7066,28.402
2079,20181002,7.0,7.15,6.9,6.92,438690,1.216,64.606,29.108
2080,20181003,7.0,7.1,6.88,6.89,292270,1.2099,56.2187,29.6396
2081,20181004,7.0,7.2,6.92,6.92,235910,1.2149,46.7886,30.42
2082,20181005,6.89,6.92,6.77,6.77,263030,1.1886,33.0821,30.2136
2083,20181008,6.7,6.7,6.4,6.4,217810,1.1244,24.4007,28.2214
2084,20181009,6.5,6.5,6.24,6.35,155580,1.116,15.5012,26.6557
2085,20181010,6.3,6.48,6.1,6.2,229790,1.0893,7.8788,25.6943
2086,20181011,5.77,6.0,5.77,5.77,503390,1.0143,0.4062,25.7775
2087,20181012,5.4,6.07,5.4,5.85,112650,1.0288,1.2482,26.689
2088,20181015,5.9,5.9,5.69,5.7,65570,1.0028,1.2482,27.5354
2089,20181016,5.88,5.88,5.7,5.8,39500,1.0199,3.0183,28.3213
2090,20181017,5.8,5.95,5.8,5.8,51680,1.0195,4.9356,28.6913
2091,20181018,5.76,5.83,5.73,5.75,30080,1.0102,6.377,29.2139
2092,20181019,5.75,5.75,5.7,5.75,36160,1.0099,6.5703,29.7773
2093,20181022,5.4,5.59,5.35,5.36,348600,0.9416,6.5703,31.0948
2094,20181023,5.36,5.44,5.2,5.28,91930,0.928,4.8002,32.5972
2095,20181024,5.29,5.3,5.05,5.05,90480,0.8886,2.8828,34.2492
2096,20181025,4.9,4.93,4.7,4.85,120600,0.8547,1.4414,36.2855
2097,20181026,5.0,5.18,5.0,5.18,109390,0.9138,9.6695,36.9106
2098,20181029,5.18,5.18,5.04,5.05,34890,0.892,19.1669,37.4911
2099,20181030,5.05,5.1,5.05,5.1,50760,0.9018,34.1647,38.0301
2100,20181031,5.1,5.45,5.1,5.45,237670,0.9641,54.1647,36.8738
2101,20181101,5.5,5.5,5.2,5.2,36910,0.9205,69.9178,35.5911
2102,20181102,5.2,5.4,5.2,5.2,70010,0.9211,76.0014,34.4
2103,20181105,5.2,5.4,5.2,5.23,42610,0.9269,83.0787,33.294
2104,20181106,5.35,5.5,5.2,5.24,116940,0.9291,84.9447,31.7863
2105,20181107,5.49,5.49,5.25,5.43,43050,0.9623,84.9447,30.3863
2106,20181108,5.43,5.43,5.3,5.3,33670,0.939,86.6735,29.0863
2107,20181109,5.21,5.4,5.2,5.37,88940,0.9511,90.1632,28.2932
2108,20181112,5.37,5.37,5.1,5.25,92720,0.9297,90.4478,27.9456
2109,20181113,5.11,5.25,5.1,5.25,29700,0.9296,90.4433,27.6228
2110,20181114,5.11,5.2,5.11,5.2,11650,0.9207,83.4207,27.3231
2111,20181115,5.2,5.23,5.15,5.23,38930,0.926,80.4867,26.8309
2112,20181116,5.22,5.22,5.13,5.19,46560,0.9189,73.3272,26.4711
2113,20181119,5.3,5.3,5.13,5.2,33300,0.9205,63.2763,25.5394
2114,20181120,5.16,5.2,5.15,5.2,23640,0.9202,53.2255,24.6742
2115,20181121,5.2,5.43,5.16,5.43,45630,0.9599,60.2481,23.4626
2116,20181122,5.35,5.35,5.23,5.35,6920,0.9449,60.46,22.3375
2117,20181123,5.28,5.28,5.18,5.28,37630,0.9317,58.4219,20.9475
2118,20181126,5.21,5.22,5.2,5.2,74840,0.9171,55.5171,19.6568
2119,20181127,5.2,5.27,5.2,5.21,55690,0.9183,53.5253,18.8015
2120,20181128,5.21,5.24,5.2,5.24,52350,0.9231,41.1976,18.0073
2121,20181129,5.24,5.24,5.2,5.24,63080,0.9223,34.1101,17.2698
2122,20181130,5.2,5.2,5.17,5.2,30180,0.9148,28.4123,16.31
2123,20181203,5.3,5.3,5.2,5.28,30600,0.9283,37.3866,16.2001
2124,20181204,5.3,5.35,5.21,5.3,3560,0.9312,47.5288,16.4493
2125,20181205,5.3,5.3,5.18,5.27,44690,0.9254,51.8445,16.3734
2126,20181206,5.21,5.27,5.2,5.27,17870,0.925,55.8007,16.3029
2127,20181207,5.21,5.26,5.18,5.26,72750,0.9227,61.9313,16.0146
2128,20181210,5.21,5.34,5.21,5.26,13870,0.9222,57.7468,16.4007
2129,20181211,5.21,5.26,5.2,5.26,34770,0.9217,55.4368,16.6391
2130,20181212,5.26,5.26,5.22,5.25,3780,0.9193,53.6785,16.8605
2131,20181213,5.24,5.24,5.2,5.2,142280,0.9099,42.05,16.7998
2132,20181214,5.2,5.32,5.2,5.28,90830,0.9231,51.572,17.4528
2133,20181217,5.28,5.28,5.21,5.21,12120,0.9098,48.5483,18.0591
2134,20181218,5.02,5.19,5.02,5.19,127890,0.9057,37.6814,17.1261
2135,20181219,5.06,5.08,5.06,5.06,38100,0.8829,27.4517,16.2598
2136,20181220,5.02,5.19,5.02,5.18,2930,0.9036,41.5557,15.8033
2137,20181221,5.18,5.18,5.03,5.05,11870,0.8807,25.8043,15.3794
2138,20181224,5.35,5.4,5.05,5.1,17060,0.8897,29.6907,16.5775
2139,20181225,5.04,5.05,4.93,5.04,15310,0.8801,33.1091,16.493
2140,20181226,5.0,5.04,5.0,5.04,170,0.8813,38.3095,16.4145
2141,20181227,5.3,5.3,5.11,5.17,12960,0.9055,43.0718,17.802
2142,20181228,5.2,5.2,5.0,5.17,51840,0.9069,57.6895,18.128
2143,20190102,4.93,5.12,4.93,4.93,60510,0.8667,49.4261,17.8745
2144,20190103,4.93,4.93,4.77,4.77,22390,0.8406,44.2257,16.6649
2145,20190104,5.0,5.0,4.7,4.8,11630,0.8476,41.2845,15.8399
2146,20190107,4.99,4.99,4.66,4.8,24040,0.8489,24.7765,14.8065
2147,20190108,4.65,4.79,4.5,4.79,28770,0.8484,7.8315,14.6136
2148,20190109,4.6,4.95,4.6,4.95,5620,0.8776,21.2631,13.708
2149,20190110,4.7,4.9,4.7,4.89,112920,0.8683,32.84,12.8671
2150,20190111,4.7,4.98,4.7,4.89,15270,0.8702,42.1577,12.5606
2151,20190114,5.0,5.0,4.71,4.91,16800,0.8754,52.9968,12.3929
2152,20190115,5.0,5.0,4.91,4.91,30,0.8773,64.2728,12.2372
2153,20190116,4.86,4.88,4.8,4.86,3970,0.8703,59.6018,11.4405
2154,20190117,4.82,4.82,4.7,4.7,47210,0.8438,49.6793,11.3451
2155,20190118,4.85,4.85,4.69,4.69,27850,0.844,39.2953,11.0314
2156,20190121,4.88,4.88,4.65,4.65,18920,0.8383,26.098,11.0025
2157,20190122,4.65,4.65,4.35,4.35,221820,0.7864,12.9007,12.519
2158,20190123,4.1,4.43,4.06,4.43,124240,0.803,8.2652,14.9004
2159,20190124,4.2,4.43,4.2,4.39,6410,0.7981,11.0193,17.1117
2160,20190125,4.3,4.3,4.1,4.14,34960,0.755,9.8264,19.4529
2161,20190128,4.01,4.03,3.9,3.9,190630,0.7138,9.8264,22.1214
2162,20190129,3.75,4.17,3.63,4.11,251840,0.7545,19.3206,25.1153
2163,20190130,4.11,4.17,4.0,4.12,42090,0.7586,23.812,27.8953
2164,20190131,4.0,4.0,3.9,3.95,26010,0.7298,26.4822,30.6489
2165,20190201,3.94,4.05,3.88,3.95,41750,0.7327,33.5608,32.7917
2166,20190211,3.95,4.05,3.7,4.02,38170,0.7486,45.0106,35.1159
2167,20190212,3.99,4.02,3.95,3.98,43480,0.7441,50.9593,37.2741
2168,20190213,3.97,4.25,3.97,4.22,269810,0.7917,61.05,37.5079
2169,20190214,4.22,4.22,4.13,4.13,10080,0.7777,71.7394,37.725
2170,20190215,4.1,4.2,4.1,4.19,112060,0.7925,84.6608,38.0208
2171,20190218,4.19,4.19,4.12,4.17,112380,0.7928,92.67,38.2955
2172,20190219,4.1,4.17,4.02,4.03,35330,0.7702,93.0906,38.8784
2173,20190220,4.03,4.03,3.97,3.97,77100,0.7629,87.5363,39.5756
2174,20190221,3.97,4.0,3.9,3.97,37530,0.7676,84.2139,40.4355
2175,20190222,3.96,3.98,3.9,3.97,78220,0.7721,75.4301,41.234
2176,20190225,3.97,3.97,3.9,3.96,460210,0.7748,66.7461,41.9754
2177,20190226,3.95,3.95,3.79,3.79,161200,0.7463,54.8421,43.0166
2178,20190227,3.8,3.8,3.65,3.7,278100,0.7332,41.3023,44.3644
2179,20190228,3.63,3.95,3.63,3.95,334360,0.7874,46.1996,44.1815
2180,20190301,3.98,4.14,3.95,4.0,149650,0.8019,54.9834,42.5457
2181,20190304,4.2,4.28,4.2,4.28,288680,0.8626,64.2084,40.1344
2182,20190305,4.3,4.57,4.3,4.57,282360,0.9252,80.2488,38.092
2183,20190306,4.8,4.88,4.76,4.88,554810,0.991,99.343,37.314
2184,20190307,5.21,5.21,4.81,4.95,202570,1.0081,100.0,37.4689
2185,20190308,4.95,4.95,4.63,4.73,147730,0.9662,96.1692,36.7144
2186,20190311,4.52,4.74,4.52,4.6,87560,0.9419,90.3358,35.506
2187,20190312,4.65,4.76,4.65,4.72,122820,0.9687,85.7985,34.4461
2188,20190313,4.79,4.79,4.5,4.65,109780,0.9564,80.1646,32.7675
2189,20190314,4.52,4.65,4.52,4.65,93050,0.9586,74.5307,31.2088
2190,20190315,4.64,4.75,4.51,4.65,44150,0.9609,72.7276,30.1344
2191,20190318,4.7,4.7,4.56,4.61,176480,0.9549,72.1953,29.1368
2192,20190319,4.6,4.74,4.59,4.65,161430,0.9654,68.1903,28.369
2193,20190320,4.65,4.65,4.48,4.6,34770,0.9565,62.9514,27.041
2194,20190321,4.6,4.68,4.5,4.5,228930,0.9372,48.5854,25.9427
2195,20190322,4.5,4.59,4.45,4.45,81270,0.928,34.2193,24.6343
2196,20190325,4.45,4.45,4.14,4.28,175830,0.8936,20.585,23.8258
2197,20190326,4.29,4.29,4.15,4.24,41600,0.887,9.1272,23.0751
2198,20190327,4.18,4.3,4.17,4.3,85930,0.901,2.7454,22.3195
2199,20190328,4.22,4.3,4.18,4.26,38130,0.8942,4.1326,21.6179
2200,20190329,4.18,4.22,4.18,4.2,47410,0.8839,4.1326,20.9664
2201,20190401,4.2,4.49,4.19,4.49,622390,0.9463,18.6514,20.1507
2202,20190402,4.79,4.8,4.72,4.8,323670,1.0125,38.6514,20.6533
2203,20190403,4.99,5.13,4.8,5.13,772330,1.0823,55.906,22.0703
2204,20190404,5.02,5.13,4.9,5.03,339060,1.0617,71.782,23.3861
2205,20190405,4.9,5.04,4.8,4.85,170780,1.025,84.5178,24.0024
2206,20190408,5.12,5.18,4.9,5.18,269860,1.095,87.4981,24.9796
2207,20190409,5.54,5.54,5.29,5.54,827720,1.1707,87.4981,26.7221
2208,20190410,5.3,5.92,5.3,5.92,442580,1.2492,87.4981,28.9757
2209,20190411,5.92,5.92,5.51,5.51,490530,1.1621,83.6108,31.0684
2210,20190412,5.51,5.68,5.18,5.54,423980,1.1675,84.4978,31.3112
2211,20190416,5.23,5.53,5.2,5.27,255370,1.1105,76.7834,31.5367
2212,20190417,5.4,5.5,5.27,5.27,83570,1.1104,66.5682,31.7461
2213,20190418,5.27,5.27,4.95,4.96,230430,1.0456,52.3135,30.4605
2214,20190419,4.92,5.15,4.8,4.89,97840,1.0315,38.9376,28.6803
2215,20190422,4.89,5.19,4.8,5.09,167650,1.0745,28.4462,27.1643
2216,20190423,5.02,5.1,4.8,5.0,83530,1.0562,20.2473,25.7566
2217,20190424,5.03,5.1,5.0,5.0,52620,1.0569,12.0484,24.4494
2218,20190425,4.92,5.0,4.9,4.91,75670,1.0385,6.3031,22.778
2219,20190426,4.99,5.0,4.92,4.93,28630,1.0433,6.6873,21.2259
2220,20190502,4.93,5.19,4.93,5.15,312920,1.0901,7.9758,20.6055
2221,20190503,5.06,5.14,5.0,5.0,57730,1.0589,7.7864,20.0294
2222,20190506,4.83,5.0,4.83,4.9,153310,1.0384,6.2006,18.6299
2223,20190507,4.95,5.0,4.95,4.96,111340,1.0518,8.1927,17.3304
2224,20190508,4.96,5.1,4.96,5.05,127130,1.0714,16.353,16.6098
2225,20190509,5.01,5.06,4.9,4.93,57560,1.0467,13.2047,15.6167
2226,20190510,5.0,5.1,5.0,5.09,97480,1.0811,26.7715,14.8993
2227,20190513,5.08,5.14,5.0,5.0,55950,1.0626,33.7407,14.4407
2228,20190514,4.96,5.35,4.95,5.35,383380,1.1367,51.7485,14.9834
2229,20190515,5.5,5.66,5.36,5.5,222790,1.168,63.2041,16.5489
2230,20190516,5.5,5.6,5.35,5.35,137260,1.1359,75.2853,17.9383
2231,20190517,5.49,5.49,5.33,5.33,177650,1.1314,72.7978,19.0927
2232,20190520,5.33,5.5,5.33,5.49,186890,1.1648,83.4893,20.1998
2233,20190521,5.49,5.49,5.4,5.43,53480,1.1515,78.2969,21.2278
2234,20190522,5.25,5.6,5.15,5.25,79880,1.1132,65.0025,20.4714
2235,20190523,5.25,5.25,5.1,5.16,101300,1.0939,54.5837,19.4773
2236,20190524,5.1,5.12,4.95,4.95,299110,1.0499,42.1079,18.429
2237,20190527,4.95,5.0,4.94,4.96,73640,1.0522,24.8013,17.5072
2238,20190528,4.97,5.05,4.96,5.05,66970,1.0714,13.5898,16.3552
2239,20190529,5.0,5.0,4.93,4.93,61670,1.0462,6.8842,15.4598
2240,20190530,5.0,5.0,4.93,4.93,96020,1.0465,3.9501,14.6284
2241,20190531,4.9,4.99,4.85,4.85,91380,1.0302,3.9501,14.3449
2242,20190603,4.8,4.8,4.7,4.7,94650,0.9993,3.5961,14.8828
2243,20190604,4.7,4.75,4.66,4.73,36700,1.0061,1.0834,15.5765
2244,20190605,4.75,4.79,4.74,4.74,83060,1.0083,2.5456,15.8992
2245,20190606,4.74,4.83,4.73,4.83,223340,1.0274,7.4292,15.8776
2246,20190607,4.82,5.0,4.82,4.91,17480,1.0442,15.9692,14.8375
2247,20190610,5.07,5.07,4.92,4.92,76710,1.046,28.3164,14.3012
2248,20190611,4.91,4.97,4.9,4.9,99420,1.0419,40.9479,13.6621
2249,20190612,4.9,4.92,4.88,4.9,110080,1.0418,56.6886,12.9224
2250,20190613,4.9,4.91,4.83,4.86,28500,1.0334,65.4351,12.1301
2251,20190614,4.9,4.95,4.86,4.86,40830,1.0335,70.5252,11.4317
2252,20190617,4.86,4.89,4.84,4.89,37370,1.0399,76.3889,10.625
2253,20190618,4.88,4.88,4.82,4.88,38780,1.0378,79.7481,10.0191
2254,20190619,4.83,4.95,4.83,4.83,30740,1.0269,73.8906,9.7272
2255,20190620,4.84,4.9,4.82,4.9,16940,1.0413,80.2605,9.3652
2256,20190621,4.87,4.92,4.87,4.87,25810,1.0344,82.6008,9.2008
2257,20190624,4.87,4.9,4.86,4.86,51920,1.0312,78.6898,8.9457
2258,20190625,4.86,4.9,4.85,4.85,27530,1.0281,68.5726,8.6015
2259,20190626,4.9,5.0,4.9,4.9,82820,1.0376,77.2271,9.1917
2260,20190627,4.92,4.98,4.9,4.92,161640,1.0401,77.2271,9.7397
2261,20190628,4.92,5.09,4.92,4.92,53990,1.0379,81.2568,11.1092
2262,20190701,4.96,4.96,4.92,4.96,59780,1.0445,86.9569,12.3809
2263,20190702,4.92,4.96,4.9,4.92,29780,1.0343,93.1789,13.2887
2264,20190703,4.9,4.96,4.9,4.96,62400,1.0405,92.8488,14.1316
2265,20190704,4.9,4.98,4.92,4.93,63120,1.0321,87.2151,15.0922
2266,20190705,4.91,5.15,4.91,4.99,168190,1.0425,87.2151,17.1912
2267,20190708,4.93,5.1,4.93,5.01,138200,1.0444,87.2151,19.1403
2268,20190709,5.1,5.1,5.0,5.03,62880,1.0468,94.0361,20.9501
2269,20190710,5.1,5.1,4.97,5.09,77730,1.0572,94.3663,22.1259
2270,20190711,5.1,5.1,5.05,5.05,87390,1.047,95.1767,23.2177
2271,20190712,5.08,5.4,5.0,5.4,358870,1.1168,95.1767,25.8497
2272,20190715,5.08,5.6,5.34,5.4,433550,1.1136,95.1767,28.882
2273,20190716,5.4,5.45,5.35,5.4,299280,1.1103,95.1767,31.6977
2274,20190717,5.39,5.4,5.31,5.4,151730,1.1071,95.1767,33.7634
2275,20190718,5.4,5.4,5.28,5.3,105780,1.0836,92.1405,35.2735
2276,20190719,5.4,5.4,5.26,5.26,122620,1.0726,81.4774,36.4003
2277,20190722,5.2,5.4,5.13,5.17,211910,1.0513,64.7037,35.8452
2278,20190723,5.2,5.42,5.2,5.4,381190,1.0943,57.152,35.4521
2279,20190724,5.41,5.44,5.26,5.44,156330,1.0991,49.6575,35.2125
2280,20190725,5.5,5.77,5.4,5.7,309770,1.1476,57.517,36.4899
2281,20190726,5.5,5.7,5.5,5.66,156880,1.1364,65.4608,37.6761
2282,20190729,5.7,5.9,5.61,5.82,309000,1.1656,82.2345,39.3758
2283,20190730,5.82,5.95,5.7,5.8,135200,1.1595,88.502,41.0803
2284,20190731,5.81,6.0,5.81,5.99,150340,1.195,95.9965,42.7866
2285,20190801,5.98,6.2,5.85,5.96,135420,1.1861,94.307,44.7929
2286,20190802,5.92,5.97,5.9,5.9,87810,1.1711,91.9766,46.6559
2287,20190805,6.0,6.1,5.9,6.01,142960,1.1899,89.1416,48.6204
2288,20190806,6.01,6.1,5.85,6.0,163890,1.1848,87.0178,49.8895
2289,20190807,6.01,6.05,5.92,6.05,96860,1.1913,84.6361,51.0679
2290,20190808,6.05,6.09,5.91,5.99,79170,1.1764,80.3336,52.2576
2291,20190809,6.0,6.02,5.93,6.02,110830,1.1791,75.7648,53.3623
2292,20190812,6.0,6.04,5.85,5.85,152710,1.1431,58.5999,53.3767
2293,20190813,5.9,6.1,5.74,6.01,265630,1.1711,48.1367,52.1712
2294,20190814,6.05,6.1,5.99,5.99,42350,1.1638,35.2839,51.0518
2295,20190815,5.98,6.04,5.85,5.98,48540,1.1584,25.3272,48.6385
2296,20190816,5.99,6.15,5.99,6.06,142270,1.1699,22.1328,47.0271
2297,20190819,6.1,6.19,5.97,6.19,147160,1.1905,33.8002,45.7423
2298,20190820,6.1,6.19,5.95,6.05,539040,1.1597,29.7813,44.3547
2299,20190821,6.06,6.47,6.06,6.3,233290,1.2029,36.9899,44.3368
2300,20190822,6.45,6.45,6.15,6.2,74710,1.1793,37.7515,44.3202
2301,20190823,6.2,6.5,6.16,6.45,144350,1.2223,43.6601,44.4949
2302,20190826,6.05,6.35,6.05,6.15,223280,1.1625,31.9927,43.5943
2303,20190827,6.13,6.15,6.06,6.06,162590,1.1435,29.8828,42.7581
2304,20190828,5.83,5.99,5.64,5.64,413560,1.063,17.9087,40.3451
2305,20190829,5.5,5.6,5.25,5.3,374850,0.9981,13.0958,39.6424
2306,20190830,5.25,5.51,5.1,5.1,173990,0.9605,0.0,39.4328
2307,20190903,5.3,5.3,4.95,4.95,143130,0.9333,0.0,39.6346
2308,20190904,4.95,5.19,4.95,5.19,99450,0.9799,3.6319,39.8219
2309,20190905,5.06,5.19,5.06,5.1,31330,0.9637,6.4943,39.9959
2310,20190906,5.11,5.15,5.02,5.02,133990,0.9495,8.6764,40.2745
2311,20190909,5.11,5.16,4.99,5.01,192440,0.9481,10.8035,40.6229
2312,20190910,5.1,5.1,5.01,5.06,149290,0.9579,13.7988,40.9464
2313,20190911,5.06,5.1,5.06,5.1,40690,0.9652,13.8745,41.2468
2314,20190912,5.03,5.1,5.01,5.1,78530,0.9648,14.7198,41.7003
2315,20190913,5.03,5.1,5.02,5.09,34870,0.963,17.7702,42.1214
2316,20190916,5.03,5.42,5.08,5.09,216550,0.9628,21.5592,39.8924
2317,20190917,5.03,5.1,5.01,5.01,116190,0.9476,26.6721,38.1745
2318,20190918,5.03,5.06,4.95,5.06,57250,0.9568,42.9173,36.8713
2319,20190919,4.97,5.0,4.9,4.9,51070,0.9266,47.6393,35.9001
2320,20190920,5.0,5.01,4.89,4.89,42560,0.9252,50.1521,35.0472
2321,20190923,5.21,5.21,4.89,4.9,9980,0.9273,46.5883,32.8287
2322,20190924,4.88,4.9,4.88,4.88,18880,0.9235,38.48,30.8276
2323,20190925,4.81,4.81,4.65,4.77,134160,0.903,18.5272,30.1635
2324,20190926,4.7,4.85,4.67,4.68,54450,0.8866,10.0977,29.2704
2325,20190927,4.7,4.72,4.67,4.72,27680,0.8945,7.3556,28.4411
2326,20190930,4.8,4.8,4.68,4.7,26290,0.8914,8.8794,27.093
2327,20191001,4.65,4.7,4.55,4.55,106320,0.8637,8.8794,26.5351
2328,20191002,4.55,4.55,4.31,4.43,194380,0.8424,8.8794,27.0319
2329,20191003,4.5,4.6,4.3,4.3,38150,0.8195,8.8794,27.131
2330,20191004,4.39,4.45,4.28,4.44,165350,0.8477,13.9462,27.3053
2331,20191007,4.49,4.49,4.35,4.36,35190,0.834,17.9541,27.1569
2332,20191008,4.37,4.39,4.3,4.3,29270,0.8244,26.202,27.2497
2333,20191009,4.3,4.38,4.25,4.27,94690,0.8204,33.4178,27.5629
2334,20191010,4.3,4.3,4.21,4.21,50100,0.8105,38.5769,28.0338
2335,20191011,4.25,4.25,4.14,4.25,131330,0.8197,38.2666,28.7765
2336,20191014,4.2,4.27,4.17,4.27,21140,0.8246,45.9548,29.2724
2337,20191015,4.3,4.45,4.27,4.27,37710,0.8257,53.2791,28.1855
2338,20191016,4.2,4.26,4.2,4.2,57300,0.8135,57.3666,27.5609
2339,20191017,4.34,4.34,4.2,4.3,25200,0.8339,72.2074,26.3701
2340,20191018,4.3,4.3,4.21,4.25,36160,0.8253,79.7515,25.2644
2341,20191021,4.25,4.32,4.2,4.29,84430,0.8339,84.1794,24.0766
2342,20191022,4.2,4.3,4.2,4.25,11990,0.8269,86.4304,22.9736
2343,20191023,4.21,4.25,4.2,4.2,85530,0.818,88.7507,21.9494
2344,20191024,4.2,4.28,4.2,4.27,95950,0.8324,88.7507,20.7136
2345,20191025,4.29,4.45,4.29,4.45,157980,0.8681,91.4467,20.2699
2346,20191028,4.5,4.5,4.45,4.45,22240,0.8689,91.4467,20.1925
2347,20191029,4.45,4.76,4.45,4.76,256550,0.9297,93.6236,21.4758
2348,20191030,4.55,4.92,4.55,4.77,101130,0.9319,100.0,23.2622
2349,20191031,4.8,4.99,4.7,4.9,151210,0.9573,100.0,25.149
2350,20191101,5.0,5.24,4.98,5.24,337340,1.023,100.0,27.5718
2351,20191104,5.24,5.58,5.23,5.4,144240,1.0531,100.0,30.4491
2352,20191105,5.5,5.62,5.4,5.52,610600,1.0752,100.0,33.1817
2353,20191106,5.3,5.9,5.3,5.8,191690,1.1277,100.0,36.091
2354,20191107,5.61,5.9,5.6,5.9,109270,1.1448,100.0,38.7925
2355,20191108,5.7,6.3,5.7,6.2,652490,1.2,100.0,41.7037
2356,20191111,6.3,6.3,5.93,5.93,201690,1.1454,95.6881,44.407
2357,20191112,5.75,6.0,5.55,6.0,166550,1.1563,91.3077,44.4509
2358,20191113,6.2,6.25,5.91,6.2,132150,1.1918,86.9917,44.9626
2359,20191114,6.2,6.24,6.12,6.19,225070,1.1869,82.455,45.4377
2360,20191115,5.9,6.2,5.9,6.1,286020,1.167,72.3409,44.6981
2361,20191118,6.1,6.18,5.81,6.18,169120,1.1795,67.3919,43.5691
2362,20191119,6.0,6.1,5.95,5.97,31190,1.1372,52.1153,42.5207
2363,20191120,6.0,6.0,5.85,6.0,6240,1.1406,37.0228,41.0338
2364,20191121,6.0,6.0,5.73,5.85,65500,1.1102,21.5594,39.0687
2365,20191122,5.6,5.9,5.5,5.8,35380,1.0989,11.6736,36.3003
2366,20191125,5.8,6.05,5.8,6.0,160380,1.1346,4.3956,34.2501
2367,20191126,6.0,6.0,5.9,6.0,70140,1.1325,7.5138,32.3463
2368,20191127,6.1,6.1,6.0,6.0,259520,1.1304,10.3835,30.9577
2369,20191128,6.0,6.0,5.93,5.95,242350,1.1192,13.0314,29.3335
2370,20191129,5.95,5.97,5.93,5.93,14020,1.1136,14.7131,27.8253
2371,20191202,6.0,6.0,5.7,5.92,25250,1.1106,12.4247,26.3065
2372,20191203,5.66,5.92,5.66,5.68,9830,1.065,8.9636,25.0626
2373,20191204,5.51,5.79,5.51,5.65,8430,1.0589,5.5024,24.5031
2374,20191205,5.99,5.99,5.62,5.89,10750,1.1029,9.2109,23.0111
2375,20191206,5.89,5.89,5.7,5.7,18340,1.0665,8.9785,21.6256
2376,20191209,5.85,5.85,5.51,5.53,16340,1.0342,7.8057,21.1201
2377,20191210,5.51,5.52,5.3,5.32,58570,0.9946,7.8057,21.3769
2378,20191211,5.3,5.31,5.1,5.1,28440,0.954,7.8057,22.2001
2379,20191212,5.1,5.45,5.1,5.44,37690,1.0176,8.9551,22.2453
2380,20191213,5.45,5.6,5.45,5.45,58660,1.02,15.2088,21.5819
2381,20191216,5.53,5.53,5.3,5.3,4370,0.9926,20.4191,21.4612
2382,20191217,5.3,5.43,5.3,5.4,38750,1.0121,28.3464,21.3492
2383,20191218,5.3,5.43,5.3,5.42,92620,1.0166,37.0268,21.2452
2384,20191219,5.48,5.49,5.36,5.4,40060,1.0139,37.9243,20.8207
2385,20191220,5.4,5.4,5.36,5.4,28810,1.015,39.7776,20.4266
2386,20191223,5.6,5.6,5.44,5.5,48200,1.0346,47.3133,18.9988
2387,20191224,5.5,5.5,5.44,5.44,8320,1.0244,50.3473,17.673
2388,20191225,5.45,5.5,5.43,5.43,22660,1.0236,57.0481,16.4947
2389,20191226,5.4,5.8,5.4,5.78,29500,1.0901,68.6447,16.63
2390,20191227,5.8,5.8,5.6,5.6,25120,1.057,73.7905,16.7556
2391,20191230,5.7,5.7,5.5,5.59,22100,1.0559,75.4648,16.284
2392,20191231,5.8,5.8,5.3,5.6,28980,1.0583,76.6672,15.4208
2393,20200102,5.7,5.7,5.56,5.64,3060,1.0666,75.1712,14.6192
2394,20200103,5.64,5.64,5.5,5.55,73040,1.0505,64.716,14.1716
2395,20200106,5.8,5.8,5.64,5.7,286630,1.0794,65.1746,13.4198
